Subject,Start Date,Start Time,End Date,End Time,Description,Location,Private
Bases de Datos - Gpo 1 - Ing. Fernando Arreola Franco,08/10/2026,07:00 AM,08/10/2026,09:00 AM,Clave: 1644 | Teoría | Grupo 1 | Profesor: Ing. Fernando Arreola Franco | Color sugerido: Pavo real,"B404, Facultad de Ingeniería, UNAM",False
Diseño Digital VLSI - Gpo 3 - Ing. Karol Joshua Martínez Rosete,08/10/2026,03:00 PM,08/10/2026,04:30 PM,Clave: 1535 | Teoría | Grupo 3 | Profesor: Ing. Karol Joshua Martínez Rosete | Color sugerido: Flamenco,"A107, Facultad de Ingeniería, UNAM",False
Compiladores - Gpo 2 - M.I. Manuel Enrique Castañeda Castañeda,08/10/2026,07:00 PM,08/10/2026,09:00 PM,Clave: 434 | Teoría | Grupo 2 | Profesor: M.I. Manuel Enrique Castañeda Castañeda | Color sugerido: Mandarina,"A201, Facultad de Ingeniería, UNAM",False
Computación Gráfica e Interacción Humano-Computadora - Gpo 4 - Ing. José Ramón Pérez Athie,08/11/2026,09:00 AM,08/11/2026,11:00 AM,Clave: 1590 | Teoría | Grupo 4 | Profesor: Ing. José Ramón Pérez Athie | Color sugerido: Uva,"B204, Facultad de Ingeniería, UNAM",False
Lab. Computación Gráfica e Interacción Humano-Computadora - Gpo 6 - Dr. Sergio Teodoro Vite,08/11/2026,05:00 PM,08/11/2026,07:00 PM,Clave: 6590 | Laboratorio | Grupo 6 | Profesor: Dr. Sergio Teodoro Vite | Color sugerido: Lavanda,"Q219, Facultad de Ingeniería, UNAM",False
Bases de Datos - Gpo 1 - Ing. Fernando Arreola Franco,08/12/2026,07:00 AM,08/12/2026,09:00 AM,Clave: 1644 | Teoría | Grupo 1 | Profesor: Ing. Fernando Arreola Franco | Color sugerido: Pavo real,"B404, Facultad de Ingeniería, UNAM",False
Diseño Digital VLSI - Gpo 3 - Ing. Karol Joshua Martínez Rosete,08/12/2026,03:00 PM,08/12/2026,04:30 PM,Clave: 1535 | Teoría | Grupo 3 | Profesor: Ing. Karol Joshua Martínez Rosete | Color sugerido: Flamenco,"A107, Facultad de Ingeniería, UNAM",False
"Ciencia, Tecnología y Sociedad - Gpo 12 - Mtro. Rodolfo Carlos Prieto Mendoza",08/12/2026,05:00 PM,08/12/2026,07:00 PM,Clave: 1789 | Teoría | Grupo 12 | Profesor: Mtro. Rodolfo Carlos Prieto Mendoza | Color sugerido: Plátano,"A104, Facultad de Ingeniería, UNAM",False
Compiladores - Gpo 2 - M.I. Manuel Enrique Castañeda Castañeda,08/12/2026,07:00 PM,08/12/2026,09:00 PM,Clave: 434 | Teoría | Grupo 2 | Profesor: M.I. Manuel Enrique Castañeda Castañeda | Color sugerido: Mandarina,"A201, Facultad de Ingeniería, UNAM",False
Computación Gráfica e Interacción Humano-Computadora - Gpo 4 - Ing. José Ramón Pérez Athie,08/13/2026,09:00 AM,08/13/2026,11:00 AM,Clave: 1590 | Teoría | Grupo 4 | Profesor: Ing. José Ramón Pérez Athie | Color sugerido: Uva,"B204, Facultad de Ingeniería, UNAM",False
Bases de Datos - Gpo 1 - Ing. Fernando Arreola Franco,08/14/2026,07:00 AM,08/14/2026,09:00 AM,Clave: 1644 | Teoría | Grupo 1 | Profesor: Ing. Fernando Arreola Franco | Color sugerido: Pavo real,"B404, Facultad de Ingeniería, UNAM",False
Lab. Bases de Datos - Gpo 6 - Ing. Jorge Alberto Rodríguez Campos,08/14/2026,09:00 AM,08/14/2026,11:00 AM,Clave: 6644 | Laboratorio | Grupo 6 | Profesor: Ing. Jorge Alberto Rodríguez Campos | Color sugerido: Salvia,"T101, Facultad de Ingeniería, UNAM",False
Diseño Digital VLSI - Gpo 3 - Ing. Karol Joshua Martínez Rosete,08/14/2026,03:00 PM,08/14/2026,05:00 PM,Clave: 1535 | Laboratorio | Grupo 3 | Profesor: Ing. Karol Joshua Martínez Rosete | Color sugerido: Flamenco,"T101, Facultad de Ingeniería, UNAM",False
Bases de Datos - Gpo 1 - Ing. Fernando Arreola Franco,08/17/2026,07:00 AM,08/17/2026,09:00 AM,Clave: 1644 | Teoría | Grupo 1 | Profesor: Ing. Fernando Arreola Franco | Color sugerido: Pavo real,"B404, Facultad de Ingeniería, UNAM",False
Diseño Digital VLSI - Gpo 3 - Ing. Karol Joshua Martínez Rosete,08/17/2026,03:00 PM,08/17/2026,04:30 PM,Clave: 1535 | Teoría | Grupo 3 | Profesor: Ing. Karol Joshua Martínez Rosete | Color sugerido: Flamenco,"A107, Facultad de Ingeniería, UNAM",False
Compiladores - Gpo 2 - M.I. Manuel Enrique Castañeda Castañeda,08/17/2026,07:00 PM,08/17/2026,09:00 PM,Clave: 434 | Teoría | Grupo 2 | Profesor: M.I. Manuel Enrique Castañeda Castañeda | Color sugerido: Mandarina,"A201, Facultad de Ingeniería, UNAM",False
Computación Gráfica e Interacción Humano-Computadora - Gpo 4 - Ing. José Ramón Pérez Athie,08/18/2026,09:00 AM,08/18/2026,11:00 AM,Clave: 1590 | Teoría | Grupo 4 | Profesor: Ing. José Ramón Pérez Athie | Color sugerido: Uva,"B204, Facultad de Ingeniería, UNAM",False
Lab. Computación Gráfica e Interacción Humano-Computadora - Gpo 6 - Dr. Sergio Teodoro Vite,08/18/2026,05:00 PM,08/18/2026,07:00 PM,Clave: 6590 | Laboratorio | Grupo 6 | Profesor: Dr. Sergio Teodoro Vite | Color sugerido: Lavanda,"Q219, Facultad de Ingeniería, UNAM",False
Bases de Datos - Gpo 1 - Ing. Fernando Arreola Franco,08/19/2026,07:00 AM,08/19/2026,09:00 AM,Clave: 1644 | Teoría | Grupo 1 | Profesor: Ing. Fernando Arreola Franco | Color sugerido: Pavo real,"B404, Facultad de Ingeniería, UNAM",False
Diseño Digital VLSI - Gpo 3 - Ing. Karol Joshua Martínez Rosete,08/19/2026,03:00 PM,08/19/2026,04:30 PM,Clave: 1535 | Teoría | Grupo 3 | Profesor: Ing. Karol Joshua Martínez Rosete | Color sugerido: Flamenco,"A107, Facultad de Ingeniería, UNAM",False
"Ciencia, Tecnología y Sociedad - Gpo 12 - Mtro. Rodolfo Carlos Prieto Mendoza",08/19/2026,05:00 PM,08/19/2026,07:00 PM,Clave: 1789 | Teoría | Grupo 12 | Profesor: Mtro. Rodolfo Carlos Prieto Mendoza | Color sugerido: Plátano,"A104, Facultad de Ingeniería, UNAM",False
Compiladores - Gpo 2 - M.I. Manuel Enrique Castañeda Castañeda,08/19/2026,07:00 PM,08/19/2026,09:00 PM,Clave: 434 | Teoría | Grupo 2 | Profesor: M.I. Manuel Enrique Castañeda Castañeda | Color sugerido: Mandarina,"A201, Facultad de Ingeniería, UNAM",False
Computación Gráfica e Interacción Humano-Computadora - Gpo 4 - Ing. José Ramón Pérez Athie,08/20/2026,09:00 AM,08/20/2026,11:00 AM,Clave: 1590 | Teoría | Grupo 4 | Profesor: Ing. José Ramón Pérez Athie | Color sugerido: Uva,"B204, Facultad de Ingeniería, UNAM",False
Bases de Datos - Gpo 1 - Ing. Fernando Arreola Franco,08/21/2026,07:00 AM,08/21/2026,09:00 AM,Clave: 1644 | Teoría | Grupo 1 | Profesor: Ing. Fernando Arreola Franco | Color sugerido: Pavo real,"B404, Facultad de Ingeniería, UNAM",False
Lab. Bases de Datos - Gpo 6 - Ing. Jorge Alberto Rodríguez Campos,08/21/2026,09:00 AM,08/21/2026,11:00 AM,Clave: 6644 | Laboratorio | Grupo 6 | Profesor: Ing. Jorge Alberto Rodríguez Campos | Color sugerido: Salvia,"T101, Facultad de Ingeniería, UNAM",False
Diseño Digital VLSI - Gpo 3 - Ing. Karol Joshua Martínez Rosete,08/21/2026,03:00 PM,08/21/2026,05:00 PM,Clave: 1535 | Laboratorio | Grupo 3 | Profesor: Ing. Karol Joshua Martínez Rosete | Color sugerido: Flamenco,"T101, Facultad de Ingeniería, UNAM",False
Bases de Datos - Gpo 1 - Ing. Fernando Arreola Franco,08/24/2026,07:00 AM,08/24/2026,09:00 AM,Clave: 1644 | Teoría | Grupo 1 | Profesor: Ing. Fernando Arreola Franco | Color sugerido: Pavo real,"B404, Facultad de Ingeniería, UNAM",False
Diseño Digital VLSI - Gpo 3 - Ing. Karol Joshua Martínez Rosete,08/24/2026,03:00 PM,08/24/2026,04:30 PM,Clave: 1535 | Teoría | Grupo 3 | Profesor: Ing. Karol Joshua Martínez Rosete | Color sugerido: Flamenco,"A107, Facultad de Ingeniería, UNAM",False
Compiladores - Gpo 2 - M.I. Manuel Enrique Castañeda Castañeda,08/24/2026,07:00 PM,08/24/2026,09:00 PM,Clave: 434 | Teoría | Grupo 2 | Profesor: M.I. Manuel Enrique Castañeda Castañeda | Color sugerido: Mandarina,"A201, Facultad de Ingeniería, UNAM",False
Computación Gráfica e Interacción Humano-Computadora - Gpo 4 - Ing. José Ramón Pérez Athie,08/25/2026,09:00 AM,08/25/2026,11:00 AM,Clave: 1590 | Teoría | Grupo 4 | Profesor: Ing. José Ramón Pérez Athie | Color sugerido: Uva,"B204, Facultad de Ingeniería, UNAM",False
Lab. Computación Gráfica e Interacción Humano-Computadora - Gpo 6 - Dr. Sergio Teodoro Vite,08/25/2026,05:00 PM,08/25/2026,07:00 PM,Clave: 6590 | Laboratorio | Grupo 6 | Profesor: Dr. Sergio Teodoro Vite | Color sugerido: Lavanda,"Q219, Facultad de Ingeniería, UNAM",False
Bases de Datos - Gpo 1 - Ing. Fernando Arreola Franco,08/26/2026,07:00 AM,08/26/2026,09:00 AM,Clave: 1644 | Teoría | Grupo 1 | Profesor: Ing. Fernando Arreola Franco | Color sugerido: Pavo real,"B404, Facultad de Ingeniería, UNAM",False
Diseño Digital VLSI - Gpo 3 - Ing. Karol Joshua Martínez Rosete,08/26/2026,03:00 PM,08/26/2026,04:30 PM,Clave: 1535 | Teoría | Grupo 3 | Profesor: Ing. Karol Joshua Martínez Rosete | Color sugerido: Flamenco,"A107, Facultad de Ingeniería, UNAM",False
"Ciencia, Tecnología y Sociedad - Gpo 12 - Mtro. Rodolfo Carlos Prieto Mendoza",08/26/2026,05:00 PM,08/26/2026,07:00 PM,Clave: 1789 | Teoría | Grupo 12 | Profesor: Mtro. Rodolfo Carlos Prieto Mendoza | Color sugerido: Plátano,"A104, Facultad de Ingeniería, UNAM",False
Compiladores - Gpo 2 - M.I. Manuel Enrique Castañeda Castañeda,08/26/2026,07:00 PM,08/26/2026,09:00 PM,Clave: 434 | Teoría | Grupo 2 | Profesor: M.I. Manuel Enrique Castañeda Castañeda | Color sugerido: Mandarina,"A201, Facultad de Ingeniería, UNAM",False
Computación Gráfica e Interacción Humano-Computadora - Gpo 4 - Ing. José Ramón Pérez Athie,08/27/2026,09:00 AM,08/27/2026,11:00 AM,Clave: 1590 | Teoría | Grupo 4 | Profesor: Ing. José Ramón Pérez Athie | Color sugerido: Uva,"B204, Facultad de Ingeniería, UNAM",False
Bases de Datos - Gpo 1 - Ing. Fernando Arreola Franco,08/28/2026,07:00 AM,08/28/2026,09:00 AM,Clave: 1644 | Teoría | Grupo 1 | Profesor: Ing. Fernando Arreola Franco | Color sugerido: Pavo real,"B404, Facultad de Ingeniería, UNAM",False
Lab. Bases de Datos - Gpo 6 - Ing. Jorge Alberto Rodríguez Campos,08/28/2026,09:00 AM,08/28/2026,11:00 AM,Clave: 6644 | Laboratorio | Grupo 6 | Profesor: Ing. Jorge Alberto Rodríguez Campos | Color sugerido: Salvia,"T101, Facultad de Ingeniería, UNAM",False
Diseño Digital VLSI - Gpo 3 - Ing. Karol Joshua Martínez Rosete,08/28/2026,03:00 PM,08/28/2026,05:00 PM,Clave: 1535 | Laboratorio | Grupo 3 | Profesor: Ing. Karol Joshua Martínez Rosete | Color sugerido: Flamenco,"T101, Facultad de Ingeniería, UNAM",False
Bases de Datos - Gpo 1 - Ing. Fernando Arreola Franco,08/31/2026,07:00 AM,08/31/2026,09:00 AM,Clave: 1644 | Teoría | Grupo 1 | Profesor: Ing. Fernando Arreola Franco | Color sugerido: Pavo real,"B404, Facultad de Ingeniería, UNAM",False
Diseño Digital VLSI - Gpo 3 - Ing. Karol Joshua Martínez Rosete,08/31/2026,03:00 PM,08/31/2026,04:30 PM,Clave: 1535 | Teoría | Grupo 3 | Profesor: Ing. Karol Joshua Martínez Rosete | Color sugerido: Flamenco,"A107, Facultad de Ingeniería, UNAM",False
Compiladores - Gpo 2 - M.I. Manuel Enrique Castañeda Castañeda,08/31/2026,07:00 PM,08/31/2026,09:00 PM,Clave: 434 | Teoría | Grupo 2 | Profesor: M.I. Manuel Enrique Castañeda Castañeda | Color sugerido: Mandarina,"A201, Facultad de Ingeniería, UNAM",False
Computación Gráfica e Interacción Humano-Computadora - Gpo 4 - Ing. José Ramón Pérez Athie,09/01/2026,09:00 AM,09/01/2026,11:00 AM,Clave: 1590 | Teoría | Grupo 4 | Profesor: Ing. José Ramón Pérez Athie | Color sugerido: Uva,"B204, Facultad de Ingeniería, UNAM",False
Lab. Computación Gráfica e Interacción Humano-Computadora - Gpo 6 - Dr. Sergio Teodoro Vite,09/01/2026,05:00 PM,09/01/2026,07:00 PM,Clave: 6590 | Laboratorio | Grupo 6 | Profesor: Dr. Sergio Teodoro Vite | Color sugerido: Lavanda,"Q219, Facultad de Ingeniería, UNAM",False
Bases de Datos - Gpo 1 - Ing. Fernando Arreola Franco,09/02/2026,07:00 AM,09/02/2026,09:00 AM,Clave: 1644 | Teoría | Grupo 1 | Profesor: Ing. Fernando Arreola Franco | Color sugerido: Pavo real,"B404, Facultad de Ingeniería, UNAM",False
Diseño Digital VLSI - Gpo 3 - Ing. Karol Joshua Martínez Rosete,09/02/2026,03:00 PM,09/02/2026,04:30 PM,Clave: 1535 | Teoría | Grupo 3 | Profesor: Ing. Karol Joshua Martínez Rosete | Color sugerido: Flamenco,"A107, Facultad de Ingeniería, UNAM",False
"Ciencia, Tecnología y Sociedad - Gpo 12 - Mtro. Rodolfo Carlos Prieto Mendoza",09/02/2026,05:00 PM,09/02/2026,07:00 PM,Clave: 1789 | Teoría | Grupo 12 | Profesor: Mtro. Rodolfo Carlos Prieto Mendoza | Color sugerido: Plátano,"A104, Facultad de Ingeniería, UNAM",False
Compiladores - Gpo 2 - M.I. Manuel Enrique Castañeda Castañeda,09/02/2026,07:00 PM,09/02/2026,09:00 PM,Clave: 434 | Teoría | Grupo 2 | Profesor: M.I. Manuel Enrique Castañeda Castañeda | Color sugerido: Mandarina,"A201, Facultad de Ingeniería, UNAM",False
Computación Gráfica e Interacción Humano-Computadora - Gpo 4 - Ing. José Ramón Pérez Athie,09/03/2026,09:00 AM,09/03/2026,11:00 AM,Clave: 1590 | Teoría | Grupo 4 | Profesor: Ing. José Ramón Pérez Athie | Color sugerido: Uva,"B204, Facultad de Ingeniería, UNAM",False
Bases de Datos - Gpo 1 - Ing. Fernando Arreola Franco,09/04/2026,07:00 AM,09/04/2026,09:00 AM,Clave: 1644 | Teoría | Grupo 1 | Profesor: Ing. Fernando Arreola Franco | Color sugerido: Pavo real,"B404, Facultad de Ingeniería, UNAM",False
Lab. Bases de Datos - Gpo 6 - Ing. Jorge Alberto Rodríguez Campos,09/04/2026,09:00 AM,09/04/2026,11:00 AM,Clave: 6644 | Laboratorio | Grupo 6 | Profesor: Ing. Jorge Alberto Rodríguez Campos | Color sugerido: Salvia,"T101, Facultad de Ingeniería, UNAM",False
Diseño Digital VLSI - Gpo 3 - Ing. Karol Joshua Martínez Rosete,09/04/2026,03:00 PM,09/04/2026,05:00 PM,Clave: 1535 | Laboratorio | Grupo 3 | Profesor: Ing. Karol Joshua Martínez Rosete | Color sugerido: Flamenco,"T101, Facultad de Ingeniería, UNAM",False
Bases de Datos - Gpo 1 - Ing. Fernando Arreola Franco,09/07/2026,07:00 AM,09/07/2026,09:00 AM,Clave: 1644 | Teoría | Grupo 1 | Profesor: Ing. Fernando Arreola Franco | Color sugerido: Pavo real,"B404, Facultad de Ingeniería, UNAM",False
Diseño Digital VLSI - Gpo 3 - Ing. Karol Joshua Martínez Rosete,09/07/2026,03:00 PM,09/07/2026,04:30 PM,Clave: 1535 | Teoría | Grupo 3 | Profesor: Ing. Karol Joshua Martínez Rosete | Color sugerido: Flamenco,"A107, Facultad de Ingeniería, UNAM",False
Compiladores - Gpo 2 - M.I. Manuel Enrique Castañeda Castañeda,09/07/2026,07:00 PM,09/07/2026,09:00 PM,Clave: 434 | Teoría | Grupo 2 | Profesor: M.I. Manuel Enrique Castañeda Castañeda | Color sugerido: Mandarina,"A201, Facultad de Ingeniería, UNAM",False
Computación Gráfica e Interacción Humano-Computadora - Gpo 4 - Ing. José Ramón Pérez Athie,09/08/2026,09:00 AM,09/08/2026,11:00 AM,Clave: 1590 | Teoría | Grupo 4 | Profesor: Ing. José Ramón Pérez Athie | Color sugerido: Uva,"B204, Facultad de Ingeniería, UNAM",False
Lab. Computación Gráfica e Interacción Humano-Computadora - Gpo 6 - Dr. Sergio Teodoro Vite,09/08/2026,05:00 PM,09/08/2026,07:00 PM,Clave: 6590 | Laboratorio | Grupo 6 | Profesor: Dr. Sergio Teodoro Vite | Color sugerido: Lavanda,"Q219, Facultad de Ingeniería, UNAM",False
Bases de Datos - Gpo 1 - Ing. Fernando Arreola Franco,09/09/2026,07:00 AM,09/09/2026,09:00 AM,Clave: 1644 | Teoría | Grupo 1 | Profesor: Ing. Fernando Arreola Franco | Color sugerido: Pavo real,"B404, Facultad de Ingeniería, UNAM",False
Diseño Digital VLSI - Gpo 3 - Ing. Karol Joshua Martínez Rosete,09/09/2026,03:00 PM,09/09/2026,04:30 PM,Clave: 1535 | Teoría | Grupo 3 | Profesor: Ing. Karol Joshua Martínez Rosete | Color sugerido: Flamenco,"A107, Facultad de Ingeniería, UNAM",False
"Ciencia, Tecnología y Sociedad - Gpo 12 - Mtro. Rodolfo Carlos Prieto Mendoza",09/09/2026,05:00 PM,09/09/2026,07:00 PM,Clave: 1789 | Teoría | Grupo 12 | Profesor: Mtro. Rodolfo Carlos Prieto Mendoza | Color sugerido: Plátano,"A104, Facultad de Ingeniería, UNAM",False
Compiladores - Gpo 2 - M.I. Manuel Enrique Castañeda Castañeda,09/09/2026,07:00 PM,09/09/2026,09:00 PM,Clave: 434 | Teoría | Grupo 2 | Profesor: M.I. Manuel Enrique Castañeda Castañeda | Color sugerido: Mandarina,"A201, Facultad de Ingeniería, UNAM",False
Computación Gráfica e Interacción Humano-Computadora - Gpo 4 - Ing. José Ramón Pérez Athie,09/10/2026,09:00 AM,09/10/2026,11:00 AM,Clave: 1590 | Teoría | Grupo 4 | Profesor: Ing. José Ramón Pérez Athie | Color sugerido: Uva,"B204, Facultad de Ingeniería, UNAM",False
Bases de Datos - Gpo 1 - Ing. Fernando Arreola Franco,09/11/2026,07:00 AM,09/11/2026,09:00 AM,Clave: 1644 | Teoría | Grupo 1 | Profesor: Ing. Fernando Arreola Franco | Color sugerido: Pavo real,"B404, Facultad de Ingeniería, UNAM",False
Lab. Bases de Datos - Gpo 6 - Ing. Jorge Alberto Rodríguez Campos,09/11/2026,09:00 AM,09/11/2026,11:00 AM,Clave: 6644 | Laboratorio | Grupo 6 | Profesor: Ing. Jorge Alberto Rodríguez Campos | Color sugerido: Salvia,"T101, Facultad de Ingeniería, UNAM",False
Diseño Digital VLSI - Gpo 3 - Ing. Karol Joshua Martínez Rosete,09/11/2026,03:00 PM,09/11/2026,05:00 PM,Clave: 1535 | Laboratorio | Grupo 3 | Profesor: Ing. Karol Joshua Martínez Rosete | Color sugerido: Flamenco,"T101, Facultad de Ingeniería, UNAM",False
Bases de Datos - Gpo 1 - Ing. Fernando Arreola Franco,09/14/2026,07:00 AM,09/14/2026,09:00 AM,Clave: 1644 | Teoría | Grupo 1 | Profesor: Ing. Fernando Arreola Franco | Color sugerido: Pavo real,"B404, Facultad de Ingeniería, UNAM",False
Diseño Digital VLSI - Gpo 3 - Ing. Karol Joshua Martínez Rosete,09/14/2026,03:00 PM,09/14/2026,04:30 PM,Clave: 1535 | Teoría | Grupo 3 | Profesor: Ing. Karol Joshua Martínez Rosete | Color sugerido: Flamenco,"A107, Facultad de Ingeniería, UNAM",False
Compiladores - Gpo 2 - M.I. Manuel Enrique Castañeda Castañeda,09/14/2026,07:00 PM,09/14/2026,09:00 PM,Clave: 434 | Teoría | Grupo 2 | Profesor: M.I. Manuel Enrique Castañeda Castañeda | Color sugerido: Mandarina,"A201, Facultad de Ingeniería, UNAM",False
Computación Gráfica e Interacción Humano-Computadora - Gpo 4 - Ing. José Ramón Pérez Athie,09/17/2026,09:00 AM,09/17/2026,11:00 AM,Clave: 1590 | Teoría | Grupo 4 | Profesor: Ing. José Ramón Pérez Athie | Color sugerido: Uva,"B204, Facultad de Ingeniería, UNAM",False
Bases de Datos - Gpo 1 - Ing. Fernando Arreola Franco,09/18/2026,07:00 AM,09/18/2026,09:00 AM,Clave: 1644 | Teoría | Grupo 1 | Profesor: Ing. Fernando Arreola Franco | Color sugerido: Pavo real,"B404, Facultad de Ingeniería, UNAM",False
Lab. Bases de Datos - Gpo 6 - Ing. Jorge Alberto Rodríguez Campos,09/18/2026,09:00 AM,09/18/2026,11:00 AM,Clave: 6644 | Laboratorio | Grupo 6 | Profesor: Ing. Jorge Alberto Rodríguez Campos | Color sugerido: Salvia,"T101, Facultad de Ingeniería, UNAM",False
Diseño Digital VLSI - Gpo 3 - Ing. Karol Joshua Martínez Rosete,09/18/2026,03:00 PM,09/18/2026,05:00 PM,Clave: 1535 | Laboratorio | Grupo 3 | Profesor: Ing. Karol Joshua Martínez Rosete | Color sugerido: Flamenco,"T101, Facultad de Ingeniería, UNAM",False
Bases de Datos - Gpo 1 - Ing. Fernando Arreola Franco,09/21/2026,07:00 AM,09/21/2026,09:00 AM,Clave: 1644 | Teoría | Grupo 1 | Profesor: Ing. Fernando Arreola Franco | Color sugerido: Pavo real,"B404, Facultad de Ingeniería, UNAM",False
Diseño Digital VLSI - Gpo 3 - Ing. Karol Joshua Martínez Rosete,09/21/2026,03:00 PM,09/21/2026,04:30 PM,Clave: 1535 | Teoría | Grupo 3 | Profesor: Ing. Karol Joshua Martínez Rosete | Color sugerido: Flamenco,"A107, Facultad de Ingeniería, UNAM",False
Compiladores - Gpo 2 - M.I. Manuel Enrique Castañeda Castañeda,09/21/2026,07:00 PM,09/21/2026,09:00 PM,Clave: 434 | Teoría | Grupo 2 | Profesor: M.I. Manuel Enrique Castañeda Castañeda | Color sugerido: Mandarina,"A201, Facultad de Ingeniería, UNAM",False
Computación Gráfica e Interacción Humano-Computadora - Gpo 4 - Ing. José Ramón Pérez Athie,09/22/2026,09:00 AM,09/22/2026,11:00 AM,Clave: 1590 | Teoría | Grupo 4 | Profesor: Ing. José Ramón Pérez Athie | Color sugerido: Uva,"B204, Facultad de Ingeniería, UNAM",False
Lab. Computación Gráfica e Interacción Humano-Computadora - Gpo 6 - Dr. Sergio Teodoro Vite,09/22/2026,05:00 PM,09/22/2026,07:00 PM,Clave: 6590 | Laboratorio | Grupo 6 | Profesor: Dr. Sergio Teodoro Vite | Color sugerido: Lavanda,"Q219, Facultad de Ingeniería, UNAM",False
Bases de Datos - Gpo 1 - Ing. Fernando Arreola Franco,09/23/2026,07:00 AM,09/23/2026,09:00 AM,Clave: 1644 | Teoría | Grupo 1 | Profesor: Ing. Fernando Arreola Franco | Color sugerido: Pavo real,"B404, Facultad de Ingeniería, UNAM",False
Diseño Digital VLSI - Gpo 3 - Ing. Karol Joshua Martínez Rosete,09/23/2026,03:00 PM,09/23/2026,04:30 PM,Clave: 1535 | Teoría | Grupo 3 | Profesor: Ing. Karol Joshua Martínez Rosete | Color sugerido: Flamenco,"A107, Facultad de Ingeniería, UNAM",False
"Ciencia, Tecnología y Sociedad - Gpo 12 - Mtro. Rodolfo Carlos Prieto Mendoza",09/23/2026,05:00 PM,09/23/2026,07:00 PM,Clave: 1789 | Teoría | Grupo 12 | Profesor: Mtro. Rodolfo Carlos Prieto Mendoza | Color sugerido: Plátano,"A104, Facultad de Ingeniería, UNAM",False
Compiladores - Gpo 2 - M.I. Manuel Enrique Castañeda Castañeda,09/23/2026,07:00 PM,09/23/2026,09:00 PM,Clave: 434 | Teoría | Grupo 2 | Profesor: M.I. Manuel Enrique Castañeda Castañeda | Color sugerido: Mandarina,"A201, Facultad de Ingeniería, UNAM",False
Computación Gráfica e Interacción Humano-Computadora - Gpo 4 - Ing. José Ramón Pérez Athie,09/24/2026,09:00 AM,09/24/2026,11:00 AM,Clave: 1590 | Teoría | Grupo 4 | Profesor: Ing. José Ramón Pérez Athie | Color sugerido: Uva,"B204, Facultad de Ingeniería, UNAM",False
Bases de Datos - Gpo 1 - Ing. Fernando Arreola Franco,09/25/2026,07:00 AM,09/25/2026,09:00 AM,Clave: 1644 | Teoría | Grupo 1 | Profesor: Ing. Fernando Arreola Franco | Color sugerido: Pavo real,"B404, Facultad de Ingeniería, UNAM",False
Lab. Bases de Datos - Gpo 6 - Ing. Jorge Alberto Rodríguez Campos,09/25/2026,09:00 AM,09/25/2026,11:00 AM,Clave: 6644 | Laboratorio | Grupo 6 | Profesor: Ing. Jorge Alberto Rodríguez Campos | Color sugerido: Salvia,"T101, Facultad de Ingeniería, UNAM",False
Diseño Digital VLSI - Gpo 3 - Ing. Karol Joshua Martínez Rosete,09/25/2026,03:00 PM,09/25/2026,05:00 PM,Clave: 1535 | Laboratorio | Grupo 3 | Profesor: Ing. Karol Joshua Martínez Rosete | Color sugerido: Flamenco,"T101, Facultad de Ingeniería, UNAM",False
Bases de Datos - Gpo 1 - Ing. Fernando Arreola Franco,09/28/2026,07:00 AM,09/28/2026,09:00 AM,Clave: 1644 | Teoría | Grupo 1 | Profesor: Ing. Fernando Arreola Franco | Color sugerido: Pavo real,"B404, Facultad de Ingeniería, UNAM",False
Diseño Digital VLSI - Gpo 3 - Ing. Karol Joshua Martínez Rosete,09/28/2026,03:00 PM,09/28/2026,04:30 PM,Clave: 1535 | Teoría | Grupo 3 | Profesor: Ing. Karol Joshua Martínez Rosete | Color sugerido: Flamenco,"A107, Facultad de Ingeniería, UNAM",False
Compiladores - Gpo 2 - M.I. Manuel Enrique Castañeda Castañeda,09/28/2026,07:00 PM,09/28/2026,09:00 PM,Clave: 434 | Teoría | Grupo 2 | Profesor: M.I. Manuel Enrique Castañeda Castañeda | Color sugerido: Mandarina,"A201, Facultad de Ingeniería, UNAM",False
Computación Gráfica e Interacción Humano-Computadora - Gpo 4 - Ing. José Ramón Pérez Athie,09/29/2026,09:00 AM,09/29/2026,11:00 AM,Clave: 1590 | Teoría | Grupo 4 | Profesor: Ing. José Ramón Pérez Athie | Color sugerido: Uva,"B204, Facultad de Ingeniería, UNAM",False
Lab. Computación Gráfica e Interacción Humano-Computadora - Gpo 6 - Dr. Sergio Teodoro Vite,09/29/2026,05:00 PM,09/29/2026,07:00 PM,Clave: 6590 | Laboratorio | Grupo 6 | Profesor: Dr. Sergio Teodoro Vite | Color sugerido: Lavanda,"Q219, Facultad de Ingeniería, UNAM",False
Bases de Datos - Gpo 1 - Ing. Fernando Arreola Franco,09/30/2026,07:00 AM,09/30/2026,09:00 AM,Clave: 1644 | Teoría | Grupo 1 | Profesor: Ing. Fernando Arreola Franco | Color sugerido: Pavo real,"B404, Facultad de Ingeniería, UNAM",False
Diseño Digital VLSI - Gpo 3 - Ing. Karol Joshua Martínez Rosete,09/30/2026,03:00 PM,09/30/2026,04:30 PM,Clave: 1535 | Teoría | Grupo 3 | Profesor: Ing. Karol Joshua Martínez Rosete | Color sugerido: Flamenco,"A107, Facultad de Ingeniería, UNAM",False
"Ciencia, Tecnología y Sociedad - Gpo 12 - Mtro. Rodolfo Carlos Prieto Mendoza",09/30/2026,05:00 PM,09/30/2026,07:00 PM,Clave: 1789 | Teoría | Grupo 12 | Profesor: Mtro. Rodolfo Carlos Prieto Mendoza | Color sugerido: Plátano,"A104, Facultad de Ingeniería, UNAM",False
Compiladores - Gpo 2 - M.I. Manuel Enrique Castañeda Castañeda,09/30/2026,07:00 PM,09/30/2026,09:00 PM,Clave: 434 | Teoría | Grupo 2 | Profesor: M.I. Manuel Enrique Castañeda Castañeda | Color sugerido: Mandarina,"A201, Facultad de Ingeniería, UNAM",False
Computación Gráfica e Interacción Humano-Computadora - Gpo 4 - Ing. José Ramón Pérez Athie,10/01/2026,09:00 AM,10/01/2026,11:00 AM,Clave: 1590 | Teoría | Grupo 4 | Profesor: Ing. José Ramón Pérez Athie | Color sugerido: Uva,"B204, Facultad de Ingeniería, UNAM",False
Bases de Datos - Gpo 1 - Ing. Fernando Arreola Franco,10/02/2026,07:00 AM,10/02/2026,09:00 AM,Clave: 1644 | Teoría | Grupo 1 | Profesor: Ing. Fernando Arreola Franco | Color sugerido: Pavo real,"B404, Facultad de Ingeniería, UNAM",False
Lab. Bases de Datos - Gpo 6 - Ing. Jorge Alberto Rodríguez Campos,10/02/2026,09:00 AM,10/02/2026,11:00 AM,Clave: 6644 | Laboratorio | Grupo 6 | Profesor: Ing. Jorge Alberto Rodríguez Campos | Color sugerido: Salvia,"T101, Facultad de Ingeniería, UNAM",False
Diseño Digital VLSI - Gpo 3 - Ing. Karol Joshua Martínez Rosete,10/02/2026,03:00 PM,10/02/2026,05:00 PM,Clave: 1535 | Laboratorio | Grupo 3 | Profesor: Ing. Karol Joshua Martínez Rosete | Color sugerido: Flamenco,"T101, Facultad de Ingeniería, UNAM",False
Bases de Datos - Gpo 1 - Ing. Fernando Arreola Franco,10/05/2026,07:00 AM,10/05/2026,09:00 AM,Clave: 1644 | Teoría | Grupo 1 | Profesor: Ing. Fernando Arreola Franco | Color sugerido: Pavo real,"B404, Facultad de Ingeniería, UNAM",False
Diseño Digital VLSI - Gpo 3 - Ing. Karol Joshua Martínez Rosete,10/05/2026,03:00 PM,10/05/2026,04:30 PM,Clave: 1535 | Teoría | Grupo 3 | Profesor: Ing. Karol Joshua Martínez Rosete | Color sugerido: Flamenco,"A107, Facultad de Ingeniería, UNAM",False
Compiladores - Gpo 2 - M.I. Manuel Enrique Castañeda Castañeda,10/05/2026,07:00 PM,10/05/2026,09:00 PM,Clave: 434 | Teoría | Grupo 2 | Profesor: M.I. Manuel Enrique Castañeda Castañeda | Color sugerido: Mandarina,"A201, Facultad de Ingeniería, UNAM",False
Computación Gráfica e Interacción Humano-Computadora - Gpo 4 - Ing. José Ramón Pérez Athie,10/06/2026,09:00 AM,10/06/2026,11:00 AM,Clave: 1590 | Teoría | Grupo 4 | Profesor: Ing. José Ramón Pérez Athie | Color sugerido: Uva,"B204, Facultad de Ingeniería, UNAM",False
Lab. Computación Gráfica e Interacción Humano-Computadora - Gpo 6 - Dr. Sergio Teodoro Vite,10/06/2026,05:00 PM,10/06/2026,07:00 PM,Clave: 6590 | Laboratorio | Grupo 6 | Profesor: Dr. Sergio Teodoro Vite | Color sugerido: Lavanda,"Q219, Facultad de Ingeniería, UNAM",False
Bases de Datos - Gpo 1 - Ing. Fernando Arreola Franco,10/07/2026,07:00 AM,10/07/2026,09:00 AM,Clave: 1644 | Teoría | Grupo 1 | Profesor: Ing. Fernando Arreola Franco | Color sugerido: Pavo real,"B404, Facultad de Ingeniería, UNAM",False
Diseño Digital VLSI - Gpo 3 - Ing. Karol Joshua Martínez Rosete,10/07/2026,03:00 PM,10/07/2026,04:30 PM,Clave: 1535 | Teoría | Grupo 3 | Profesor: Ing. Karol Joshua Martínez Rosete | Color sugerido: Flamenco,"A107, Facultad de Ingeniería, UNAM",False
"Ciencia, Tecnología y Sociedad - Gpo 12 - Mtro. Rodolfo Carlos Prieto Mendoza",10/07/2026,05:00 PM,10/07/2026,07:00 PM,Clave: 1789 | Teoría | Grupo 12 | Profesor: Mtro. Rodolfo Carlos Prieto Mendoza | Color sugerido: Plátano,"A104, Facultad de Ingeniería, UNAM",False
Compiladores - Gpo 2 - M.I. Manuel Enrique Castañeda Castañeda,10/07/2026,07:00 PM,10/07/2026,09:00 PM,Clave: 434 | Teoría | Grupo 2 | Profesor: M.I. Manuel Enrique Castañeda Castañeda | Color sugerido: Mandarina,"A201, Facultad de Ingeniería, UNAM",False
Computación Gráfica e Interacción Humano-Computadora - Gpo 4 - Ing. José Ramón Pérez Athie,10/08/2026,09:00 AM,10/08/2026,11:00 AM,Clave: 1590 | Teoría | Grupo 4 | Profesor: Ing. José Ramón Pérez Athie | Color sugerido: Uva,"B204, Facultad de Ingeniería, UNAM",False
Bases de Datos - Gpo 1 - Ing. Fernando Arreola Franco,10/09/2026,07:00 AM,10/09/2026,09:00 AM,Clave: 1644 | Teoría | Grupo 1 | Profesor: Ing. Fernando Arreola Franco | Color sugerido: Pavo real,"B404, Facultad de Ingeniería, UNAM",False
Lab. Bases de Datos - Gpo 6 - Ing. Jorge Alberto Rodríguez Campos,10/09/2026,09:00 AM,10/09/2026,11:00 AM,Clave: 6644 | Laboratorio | Grupo 6 | Profesor: Ing. Jorge Alberto Rodríguez Campos | Color sugerido: Salvia,"T101, Facultad de Ingeniería, UNAM",False
Diseño Digital VLSI - Gpo 3 - Ing. Karol Joshua Martínez Rosete,10/09/2026,03:00 PM,10/09/2026,05:00 PM,Clave: 1535 | Laboratorio | Grupo 3 | Profesor: Ing. Karol Joshua Martínez Rosete | Color sugerido: Flamenco,"T101, Facultad de Ingeniería, UNAM",False
Bases de Datos - Gpo 1 - Ing. Fernando Arreola Franco,10/12/2026,07:00 AM,10/12/2026,09:00 AM,Clave: 1644 | Teoría | Grupo 1 | Profesor: Ing. Fernando Arreola Franco | Color sugerido: Pavo real,"B404, Facultad de Ingeniería, UNAM",False
Diseño Digital VLSI - Gpo 3 - Ing. Karol Joshua Martínez Rosete,10/12/2026,03:00 PM,10/12/2026,04:30 PM,Clave: 1535 | Teoría | Grupo 3 | Profesor: Ing. Karol Joshua Martínez Rosete | Color sugerido: Flamenco,"A107, Facultad de Ingeniería, UNAM",False
Compiladores - Gpo 2 - M.I. Manuel Enrique Castañeda Castañeda,10/12/2026,07:00 PM,10/12/2026,09:00 PM,Clave: 434 | Teoría | Grupo 2 | Profesor: M.I. Manuel Enrique Castañeda Castañeda | Color sugerido: Mandarina,"A201, Facultad de Ingeniería, UNAM",False
Computación Gráfica e Interacción Humano-Computadora - Gpo 4 - Ing. José Ramón Pérez Athie,10/13/2026,09:00 AM,10/13/2026,11:00 AM,Clave: 1590 | Teoría | Grupo 4 | Profesor: Ing. José Ramón Pérez Athie | Color sugerido: Uva,"B204, Facultad de Ingeniería, UNAM",False
Lab. Computación Gráfica e Interacción Humano-Computadora - Gpo 6 - Dr. Sergio Teodoro Vite,10/13/2026,05:00 PM,10/13/2026,07:00 PM,Clave: 6590 | Laboratorio | Grupo 6 | Profesor: Dr. Sergio Teodoro Vite | Color sugerido: Lavanda,"Q219, Facultad de Ingeniería, UNAM",False
Bases de Datos - Gpo 1 - Ing. Fernando Arreola Franco,10/14/2026,07:00 AM,10/14/2026,09:00 AM,Clave: 1644 | Teoría | Grupo 1 | Profesor: Ing. Fernando Arreola Franco | Color sugerido: Pavo real,"B404, Facultad de Ingeniería, UNAM",False
Diseño Digital VLSI - Gpo 3 - Ing. Karol Joshua Martínez Rosete,10/14/2026,03:00 PM,10/14/2026,04:30 PM,Clave: 1535 | Teoría | Grupo 3 | Profesor: Ing. Karol Joshua Martínez Rosete | Color sugerido: Flamenco,"A107, Facultad de Ingeniería, UNAM",False
"Ciencia, Tecnología y Sociedad - Gpo 12 - Mtro. Rodolfo Carlos Prieto Mendoza",10/14/2026,05:00 PM,10/14/2026,07:00 PM,Clave: 1789 | Teoría | Grupo 12 | Profesor: Mtro. Rodolfo Carlos Prieto Mendoza | Color sugerido: Plátano,"A104, Facultad de Ingeniería, UNAM",False
Compiladores - Gpo 2 - M.I. Manuel Enrique Castañeda Castañeda,10/14/2026,07:00 PM,10/14/2026,09:00 PM,Clave: 434 | Teoría | Grupo 2 | Profesor: M.I. Manuel Enrique Castañeda Castañeda | Color sugerido: Mandarina,"A201, Facultad de Ingeniería, UNAM",False
Computación Gráfica e Interacción Humano-Computadora - Gpo 4 - Ing. José Ramón Pérez Athie,10/15/2026,09:00 AM,10/15/2026,11:00 AM,Clave: 1590 | Teoría | Grupo 4 | Profesor: Ing. José Ramón Pérez Athie | Color sugerido: Uva,"B204, Facultad de Ingeniería, UNAM",False
Bases de Datos - Gpo 1 - Ing. Fernando Arreola Franco,10/16/2026,07:00 AM,10/16/2026,09:00 AM,Clave: 1644 | Teoría | Grupo 1 | Profesor: Ing. Fernando Arreola Franco | Color sugerido: Pavo real,"B404, Facultad de Ingeniería, UNAM",False
Lab. Bases de Datos - Gpo 6 - Ing. Jorge Alberto Rodríguez Campos,10/16/2026,09:00 AM,10/16/2026,11:00 AM,Clave: 6644 | Laboratorio | Grupo 6 | Profesor: Ing. Jorge Alberto Rodríguez Campos | Color sugerido: Salvia,"T101, Facultad de Ingeniería, UNAM",False
Diseño Digital VLSI - Gpo 3 - Ing. Karol Joshua Martínez Rosete,10/16/2026,03:00 PM,10/16/2026,05:00 PM,Clave: 1535 | Laboratorio | Grupo 3 | Profesor: Ing. Karol Joshua Martínez Rosete | Color sugerido: Flamenco,"T101, Facultad de Ingeniería, UNAM",False
Bases de Datos - Gpo 1 - Ing. Fernando Arreola Franco,10/19/2026,07:00 AM,10/19/2026,09:00 AM,Clave: 1644 | Teoría | Grupo 1 | Profesor: Ing. Fernando Arreola Franco | Color sugerido: Pavo real,"B404, Facultad de Ingeniería, UNAM",False
Diseño Digital VLSI - Gpo 3 - Ing. Karol Joshua Martínez Rosete,10/19/2026,03:00 PM,10/19/2026,04:30 PM,Clave: 1535 | Teoría | Grupo 3 | Profesor: Ing. Karol Joshua Martínez Rosete | Color sugerido: Flamenco,"A107, Facultad de Ingeniería, UNAM",False
Compiladores - Gpo 2 - M.I. Manuel Enrique Castañeda Castañeda,10/19/2026,07:00 PM,10/19/2026,09:00 PM,Clave: 434 | Teoría | Grupo 2 | Profesor: M.I. Manuel Enrique Castañeda Castañeda | Color sugerido: Mandarina,"A201, Facultad de Ingeniería, UNAM",False
Computación Gráfica e Interacción Humano-Computadora - Gpo 4 - Ing. José Ramón Pérez Athie,10/20/2026,09:00 AM,10/20/2026,11:00 AM,Clave: 1590 | Teoría | Grupo 4 | Profesor: Ing. José Ramón Pérez Athie | Color sugerido: Uva,"B204, Facultad de Ingeniería, UNAM",False
Lab. Computación Gráfica e Interacción Humano-Computadora - Gpo 6 - Dr. Sergio Teodoro Vite,10/20/2026,05:00 PM,10/20/2026,07:00 PM,Clave: 6590 | Laboratorio | Grupo 6 | Profesor: Dr. Sergio Teodoro Vite | Color sugerido: Lavanda,"Q219, Facultad de Ingeniería, UNAM",False
Bases de Datos - Gpo 1 - Ing. Fernando Arreola Franco,10/21/2026,07:00 AM,10/21/2026,09:00 AM,Clave: 1644 | Teoría | Grupo 1 | Profesor: Ing. Fernando Arreola Franco | Color sugerido: Pavo real,"B404, Facultad de Ingeniería, UNAM",False
Diseño Digital VLSI - Gpo 3 - Ing. Karol Joshua Martínez Rosete,10/21/2026,03:00 PM,10/21/2026,04:30 PM,Clave: 1535 | Teoría | Grupo 3 | Profesor: Ing. Karol Joshua Martínez Rosete | Color sugerido: Flamenco,"A107, Facultad de Ingeniería, UNAM",False
"Ciencia, Tecnología y Sociedad - Gpo 12 - Mtro. Rodolfo Carlos Prieto Mendoza",10/21/2026,05:00 PM,10/21/2026,07:00 PM,Clave: 1789 | Teoría | Grupo 12 | Profesor: Mtro. Rodolfo Carlos Prieto Mendoza | Color sugerido: Plátano,"A104, Facultad de Ingeniería, UNAM",False
Compiladores - Gpo 2 - M.I. Manuel Enrique Castañeda Castañeda,10/21/2026,07:00 PM,10/21/2026,09:00 PM,Clave: 434 | Teoría | Grupo 2 | Profesor: M.I. Manuel Enrique Castañeda Castañeda | Color sugerido: Mandarina,"A201, Facultad de Ingeniería, UNAM",False
Computación Gráfica e Interacción Humano-Computadora - Gpo 4 - Ing. José Ramón Pérez Athie,10/22/2026,09:00 AM,10/22/2026,11:00 AM,Clave: 1590 | Teoría | Grupo 4 | Profesor: Ing. José Ramón Pérez Athie | Color sugerido: Uva,"B204, Facultad de Ingeniería, UNAM",False
Bases de Datos - Gpo 1 - Ing. Fernando Arreola Franco,10/23/2026,07:00 AM,10/23/2026,09:00 AM,Clave: 1644 | Teoría | Grupo 1 | Profesor: Ing. Fernando Arreola Franco | Color sugerido: Pavo real,"B404, Facultad de Ingeniería, UNAM",False
Lab. Bases de Datos - Gpo 6 - Ing. Jorge Alberto Rodríguez Campos,10/23/2026,09:00 AM,10/23/2026,11:00 AM,Clave: 6644 | Laboratorio | Grupo 6 | Profesor: Ing. Jorge Alberto Rodríguez Campos | Color sugerido: Salvia,"T101, Facultad de Ingeniería, UNAM",False
Diseño Digital VLSI - Gpo 3 - Ing. Karol Joshua Martínez Rosete,10/23/2026,03:00 PM,10/23/2026,05:00 PM,Clave: 1535 | Laboratorio | Grupo 3 | Profesor: Ing. Karol Joshua Martínez Rosete | Color sugerido: Flamenco,"T101, Facultad de Ingeniería, UNAM",False
Bases de Datos - Gpo 1 - Ing. Fernando Arreola Franco,10/26/2026,07:00 AM,10/26/2026,09:00 AM,Clave: 1644 | Teoría | Grupo 1 | Profesor: Ing. Fernando Arreola Franco | Color sugerido: Pavo real,"B404, Facultad de Ingeniería, UNAM",False
Diseño Digital VLSI - Gpo 3 - Ing. Karol Joshua Martínez Rosete,10/26/2026,03:00 PM,10/26/2026,04:30 PM,Clave: 1535 | Teoría | Grupo 3 | Profesor: Ing. Karol Joshua Martínez Rosete | Color sugerido: Flamenco,"A107, Facultad de Ingeniería, UNAM",False
Compiladores - Gpo 2 - M.I. Manuel Enrique Castañeda Castañeda,10/26/2026,07:00 PM,10/26/2026,09:00 PM,Clave: 434 | Teoría | Grupo 2 | Profesor: M.I. Manuel Enrique Castañeda Castañeda | Color sugerido: Mandarina,"A201, Facultad de Ingeniería, UNAM",False
Computación Gráfica e Interacción Humano-Computadora - Gpo 4 - Ing. José Ramón Pérez Athie,10/27/2026,09:00 AM,10/27/2026,11:00 AM,Clave: 1590 | Teoría | Grupo 4 | Profesor: Ing. José Ramón Pérez Athie | Color sugerido: Uva,"B204, Facultad de Ingeniería, UNAM",False
Lab. Computación Gráfica e Interacción Humano-Computadora - Gpo 6 - Dr. Sergio Teodoro Vite,10/27/2026,05:00 PM,10/27/2026,07:00 PM,Clave: 6590 | Laboratorio | Grupo 6 | Profesor: Dr. Sergio Teodoro Vite | Color sugerido: Lavanda,"Q219, Facultad de Ingeniería, UNAM",False
Bases de Datos - Gpo 1 - Ing. Fernando Arreola Franco,10/28/2026,07:00 AM,10/28/2026,09:00 AM,Clave: 1644 | Teoría | Grupo 1 | Profesor: Ing. Fernando Arreola Franco | Color sugerido: Pavo real,"B404, Facultad de Ingeniería, UNAM",False
Diseño Digital VLSI - Gpo 3 - Ing. Karol Joshua Martínez Rosete,10/28/2026,03:00 PM,10/28/2026,04:30 PM,Clave: 1535 | Teoría | Grupo 3 | Profesor: Ing. Karol Joshua Martínez Rosete | Color sugerido: Flamenco,"A107, Facultad de Ingeniería, UNAM",False
"Ciencia, Tecnología y Sociedad - Gpo 12 - Mtro. Rodolfo Carlos Prieto Mendoza",10/28/2026,05:00 PM,10/28/2026,07:00 PM,Clave: 1789 | Teoría | Grupo 12 | Profesor: Mtro. Rodolfo Carlos Prieto Mendoza | Color sugerido: Plátano,"A104, Facultad de Ingeniería, UNAM",False
Compiladores - Gpo 2 - M.I. Manuel Enrique Castañeda Castañeda,10/28/2026,07:00 PM,10/28/2026,09:00 PM,Clave: 434 | Teoría | Grupo 2 | Profesor: M.I. Manuel Enrique Castañeda Castañeda | Color sugerido: Mandarina,"A201, Facultad de Ingeniería, UNAM",False
Computación Gráfica e Interacción Humano-Computadora - Gpo 4 - Ing. José Ramón Pérez Athie,10/29/2026,09:00 AM,10/29/2026,11:00 AM,Clave: 1590 | Teoría | Grupo 4 | Profesor: Ing. José Ramón Pérez Athie | Color sugerido: Uva,"B204, Facultad de Ingeniería, UNAM",False
Bases de Datos - Gpo 1 - Ing. Fernando Arreola Franco,10/30/2026,07:00 AM,10/30/2026,09:00 AM,Clave: 1644 | Teoría | Grupo 1 | Profesor: Ing. Fernando Arreola Franco | Color sugerido: Pavo real,"B404, Facultad de Ingeniería, UNAM",False
Lab. Bases de Datos - Gpo 6 - Ing. Jorge Alberto Rodríguez Campos,10/30/2026,09:00 AM,10/30/2026,11:00 AM,Clave: 6644 | Laboratorio | Grupo 6 | Profesor: Ing. Jorge Alberto Rodríguez Campos | Color sugerido: Salvia,"T101, Facultad de Ingeniería, UNAM",False
Diseño Digital VLSI - Gpo 3 - Ing. Karol Joshua Martínez Rosete,10/30/2026,03:00 PM,10/30/2026,05:00 PM,Clave: 1535 | Laboratorio | Grupo 3 | Profesor: Ing. Karol Joshua Martínez Rosete | Color sugerido: Flamenco,"T101, Facultad de Ingeniería, UNAM",False
Computación Gráfica e Interacción Humano-Computadora - Gpo 4 - Ing. José Ramón Pérez Athie,11/03/2026,09:00 AM,11/03/2026,11:00 AM,Clave: 1590 | Teoría | Grupo 4 | Profesor: Ing. José Ramón Pérez Athie | Color sugerido: Uva,"B204, Facultad de Ingeniería, UNAM",False
Lab. Computación Gráfica e Interacción Humano-Computadora - Gpo 6 - Dr. Sergio Teodoro Vite,11/03/2026,05:00 PM,11/03/2026,07:00 PM,Clave: 6590 | Laboratorio | Grupo 6 | Profesor: Dr. Sergio Teodoro Vite | Color sugerido: Lavanda,"Q219, Facultad de Ingeniería, UNAM",False
Bases de Datos - Gpo 1 - Ing. Fernando Arreola Franco,11/04/2026,07:00 AM,11/04/2026,09:00 AM,Clave: 1644 | Teoría | Grupo 1 | Profesor: Ing. Fernando Arreola Franco | Color sugerido: Pavo real,"B404, Facultad de Ingeniería, UNAM",False
Diseño Digital VLSI - Gpo 3 - Ing. Karol Joshua Martínez Rosete,11/04/2026,03:00 PM,11/04/2026,04:30 PM,Clave: 1535 | Teoría | Grupo 3 | Profesor: Ing. Karol Joshua Martínez Rosete | Color sugerido: Flamenco,"A107, Facultad de Ingeniería, UNAM",False
"Ciencia, Tecnología y Sociedad - Gpo 12 - Mtro. Rodolfo Carlos Prieto Mendoza",11/04/2026,05:00 PM,11/04/2026,07:00 PM,Clave: 1789 | Teoría | Grupo 12 | Profesor: Mtro. Rodolfo Carlos Prieto Mendoza | Color sugerido: Plátano,"A104, Facultad de Ingeniería, UNAM",False
Compiladores - Gpo 2 - M.I. Manuel Enrique Castañeda Castañeda,11/04/2026,07:00 PM,11/04/2026,09:00 PM,Clave: 434 | Teoría | Grupo 2 | Profesor: M.I. Manuel Enrique Castañeda Castañeda | Color sugerido: Mandarina,"A201, Facultad de Ingeniería, UNAM",False
Computación Gráfica e Interacción Humano-Computadora - Gpo 4 - Ing. José Ramón Pérez Athie,11/05/2026,09:00 AM,11/05/2026,11:00 AM,Clave: 1590 | Teoría | Grupo 4 | Profesor: Ing. José Ramón Pérez Athie | Color sugerido: Uva,"B204, Facultad de Ingeniería, UNAM",False
Bases de Datos - Gpo 1 - Ing. Fernando Arreola Franco,11/06/2026,07:00 AM,11/06/2026,09:00 AM,Clave: 1644 | Teoría | Grupo 1 | Profesor: Ing. Fernando Arreola Franco | Color sugerido: Pavo real,"B404, Facultad de Ingeniería, UNAM",False
Lab. Bases de Datos - Gpo 6 - Ing. Jorge Alberto Rodríguez Campos,11/06/2026,09:00 AM,11/06/2026,11:00 AM,Clave: 6644 | Laboratorio | Grupo 6 | Profesor: Ing. Jorge Alberto Rodríguez Campos | Color sugerido: Salvia,"T101, Facultad de Ingeniería, UNAM",False
Diseño Digital VLSI - Gpo 3 - Ing. Karol Joshua Martínez Rosete,11/06/2026,03:00 PM,11/06/2026,05:00 PM,Clave: 1535 | Laboratorio | Grupo 3 | Profesor: Ing. Karol Joshua Martínez Rosete | Color sugerido: Flamenco,"T101, Facultad de Ingeniería, UNAM",False
Bases de Datos - Gpo 1 - Ing. Fernando Arreola Franco,11/09/2026,07:00 AM,11/09/2026,09:00 AM,Clave: 1644 | Teoría | Grupo 1 | Profesor: Ing. Fernando Arreola Franco | Color sugerido: Pavo real,"B404, Facultad de Ingeniería, UNAM",False
Diseño Digital VLSI - Gpo 3 - Ing. Karol Joshua Martínez Rosete,11/09/2026,03:00 PM,11/09/2026,04:30 PM,Clave: 1535 | Teoría | Grupo 3 | Profesor: Ing. Karol Joshua Martínez Rosete | Color sugerido: Flamenco,"A107, Facultad de Ingeniería, UNAM",False
Compiladores - Gpo 2 - M.I. Manuel Enrique Castañeda Castañeda,11/09/2026,07:00 PM,11/09/2026,09:00 PM,Clave: 434 | Teoría | Grupo 2 | Profesor: M.I. Manuel Enrique Castañeda Castañeda | Color sugerido: Mandarina,"A201, Facultad de Ingeniería, UNAM",False
Computación Gráfica e Interacción Humano-Computadora - Gpo 4 - Ing. José Ramón Pérez Athie,11/10/2026,09:00 AM,11/10/2026,11:00 AM,Clave: 1590 | Teoría | Grupo 4 | Profesor: Ing. José Ramón Pérez Athie | Color sugerido: Uva,"B204, Facultad de Ingeniería, UNAM",False
Lab. Computación Gráfica e Interacción Humano-Computadora - Gpo 6 - Dr. Sergio Teodoro Vite,11/10/2026,05:00 PM,11/10/2026,07:00 PM,Clave: 6590 | Laboratorio | Grupo 6 | Profesor: Dr. Sergio Teodoro Vite | Color sugerido: Lavanda,"Q219, Facultad de Ingeniería, UNAM",False
Bases de Datos - Gpo 1 - Ing. Fernando Arreola Franco,11/11/2026,07:00 AM,11/11/2026,09:00 AM,Clave: 1644 | Teoría | Grupo 1 | Profesor: Ing. Fernando Arreola Franco | Color sugerido: Pavo real,"B404, Facultad de Ingeniería, UNAM",False
Diseño Digital VLSI - Gpo 3 - Ing. Karol Joshua Martínez Rosete,11/11/2026,03:00 PM,11/11/2026,04:30 PM,Clave: 1535 | Teoría | Grupo 3 | Profesor: Ing. Karol Joshua Martínez Rosete | Color sugerido: Flamenco,"A107, Facultad de Ingeniería, UNAM",False
"Ciencia, Tecnología y Sociedad - Gpo 12 - Mtro. Rodolfo Carlos Prieto Mendoza",11/11/2026,05:00 PM,11/11/2026,07:00 PM,Clave: 1789 | Teoría | Grupo 12 | Profesor: Mtro. Rodolfo Carlos Prieto Mendoza | Color sugerido: Plátano,"A104, Facultad de Ingeniería, UNAM",False
Compiladores - Gpo 2 - M.I. Manuel Enrique Castañeda Castañeda,11/11/2026,07:00 PM,11/11/2026,09:00 PM,Clave: 434 | Teoría | Grupo 2 | Profesor: M.I. Manuel Enrique Castañeda Castañeda | Color sugerido: Mandarina,"A201, Facultad de Ingeniería, UNAM",False
Computación Gráfica e Interacción Humano-Computadora - Gpo 4 - Ing. José Ramón Pérez Athie,11/12/2026,09:00 AM,11/12/2026,11:00 AM,Clave: 1590 | Teoría | Grupo 4 | Profesor: Ing. José Ramón Pérez Athie | Color sugerido: Uva,"B204, Facultad de Ingeniería, UNAM",False
Bases de Datos - Gpo 1 - Ing. Fernando Arreola Franco,11/13/2026,07:00 AM,11/13/2026,09:00 AM,Clave: 1644 | Teoría | Grupo 1 | Profesor: Ing. Fernando Arreola Franco | Color sugerido: Pavo real,"B404, Facultad de Ingeniería, UNAM",False
Lab. Bases de Datos - Gpo 6 - Ing. Jorge Alberto Rodríguez Campos,11/13/2026,09:00 AM,11/13/2026,11:00 AM,Clave: 6644 | Laboratorio | Grupo 6 | Profesor: Ing. Jorge Alberto Rodríguez Campos | Color sugerido: Salvia,"T101, Facultad de Ingeniería, UNAM",False
Diseño Digital VLSI - Gpo 3 - Ing. Karol Joshua Martínez Rosete,11/13/2026,03:00 PM,11/13/2026,05:00 PM,Clave: 1535 | Laboratorio | Grupo 3 | Profesor: Ing. Karol Joshua Martínez Rosete | Color sugerido: Flamenco,"T101, Facultad de Ingeniería, UNAM",False
Bases de Datos - Gpo 1 - Ing. Fernando Arreola Franco,11/16/2026,07:00 AM,11/16/2026,09:00 AM,Clave: 1644 | Teoría | Grupo 1 | Profesor: Ing. Fernando Arreola Franco | Color sugerido: Pavo real,"B404, Facultad de Ingeniería, UNAM",False
Diseño Digital VLSI - Gpo 3 - Ing. Karol Joshua Martínez Rosete,11/16/2026,03:00 PM,11/16/2026,04:30 PM,Clave: 1535 | Teoría | Grupo 3 | Profesor: Ing. Karol Joshua Martínez Rosete | Color sugerido: Flamenco,"A107, Facultad de Ingeniería, UNAM",False
Compiladores - Gpo 2 - M.I. Manuel Enrique Castañeda Castañeda,11/16/2026,07:00 PM,11/16/2026,09:00 PM,Clave: 434 | Teoría | Grupo 2 | Profesor: M.I. Manuel Enrique Castañeda Castañeda | Color sugerido: Mandarina,"A201, Facultad de Ingeniería, UNAM",False
Bases de Datos - Gpo 1 - Ing. Fernando Arreola Franco,11/18/2026,07:00 AM,11/18/2026,09:00 AM,Clave: 1644 | Teoría | Grupo 1 | Profesor: Ing. Fernando Arreola Franco | Color sugerido: Pavo real,"B404, Facultad de Ingeniería, UNAM",False
Diseño Digital VLSI - Gpo 3 - Ing. Karol Joshua Martínez Rosete,11/18/2026,03:00 PM,11/18/2026,04:30 PM,Clave: 1535 | Teoría | Grupo 3 | Profesor: Ing. Karol Joshua Martínez Rosete | Color sugerido: Flamenco,"A107, Facultad de Ingeniería, UNAM",False
"Ciencia, Tecnología y Sociedad - Gpo 12 - Mtro. Rodolfo Carlos Prieto Mendoza",11/18/2026,05:00 PM,11/18/2026,07:00 PM,Clave: 1789 | Teoría | Grupo 12 | Profesor: Mtro. Rodolfo Carlos Prieto Mendoza | Color sugerido: Plátano,"A104, Facultad de Ingeniería, UNAM",False
Compiladores - Gpo 2 - M.I. Manuel Enrique Castañeda Castañeda,11/18/2026,07:00 PM,11/18/2026,09:00 PM,Clave: 434 | Teoría | Grupo 2 | Profesor: M.I. Manuel Enrique Castañeda Castañeda | Color sugerido: Mandarina,"A201, Facultad de Ingeniería, UNAM",False
Computación Gráfica e Interacción Humano-Computadora - Gpo 4 - Ing. José Ramón Pérez Athie,11/19/2026,09:00 AM,11/19/2026,11:00 AM,Clave: 1590 | Teoría | Grupo 4 | Profesor: Ing. José Ramón Pérez Athie | Color sugerido: Uva,"B204, Facultad de Ingeniería, UNAM",False
Bases de Datos - Gpo 1 - Ing. Fernando Arreola Franco,11/20/2026,07:00 AM,11/20/2026,09:00 AM,Clave: 1644 | Teoría | Grupo 1 | Profesor: Ing. Fernando Arreola Franco | Color sugerido: Pavo real,"B404, Facultad de Ingeniería, UNAM",False
Lab. Bases de Datos - Gpo 6 - Ing. Jorge Alberto Rodríguez Campos,11/20/2026,09:00 AM,11/20/2026,11:00 AM,Clave: 6644 | Laboratorio | Grupo 6 | Profesor: Ing. Jorge Alberto Rodríguez Campos | Color sugerido: Salvia,"T101, Facultad de Ingeniería, UNAM",False
Diseño Digital VLSI - Gpo 3 - Ing. Karol Joshua Martínez Rosete,11/20/2026,03:00 PM,11/20/2026,05:00 PM,Clave: 1535 | Laboratorio | Grupo 3 | Profesor: Ing. Karol Joshua Martínez Rosete | Color sugerido: Flamenco,"T101, Facultad de Ingeniería, UNAM",False
Bases de Datos - Gpo 1 - Ing. Fernando Arreola Franco,11/23/2026,07:00 AM,11/23/2026,09:00 AM,Clave: 1644 | Teoría | Grupo 1 | Profesor: Ing. Fernando Arreola Franco | Color sugerido: Pavo real,"B404, Facultad de Ingeniería, UNAM",False
Diseño Digital VLSI - Gpo 3 - Ing. Karol Joshua Martínez Rosete,11/23/2026,03:00 PM,11/23/2026,04:30 PM,Clave: 1535 | Teoría | Grupo 3 | Profesor: Ing. Karol Joshua Martínez Rosete | Color sugerido: Flamenco,"A107, Facultad de Ingeniería, UNAM",False
Compiladores - Gpo 2 - M.I. Manuel Enrique Castañeda Castañeda,11/23/2026,07:00 PM,11/23/2026,09:00 PM,Clave: 434 | Teoría | Grupo 2 | Profesor: M.I. Manuel Enrique Castañeda Castañeda | Color sugerido: Mandarina,"A201, Facultad de Ingeniería, UNAM",False
Computación Gráfica e Interacción Humano-Computadora - Gpo 4 - Ing. José Ramón Pérez Athie,11/24/2026,09:00 AM,11/24/2026,11:00 AM,Clave: 1590 | Teoría | Grupo 4 | Profesor: Ing. José Ramón Pérez Athie | Color sugerido: Uva,"B204, Facultad de Ingeniería, UNAM",False
Lab. Computación Gráfica e Interacción Humano-Computadora - Gpo 6 - Dr. Sergio Teodoro Vite,11/24/2026,05:00 PM,11/24/2026,07:00 PM,Clave: 6590 | Laboratorio | Grupo 6 | Profesor: Dr. Sergio Teodoro Vite | Color sugerido: Lavanda,"Q219, Facultad de Ingeniería, UNAM",False
Bases de Datos - Gpo 1 - Ing. Fernando Arreola Franco,11/25/2026,07:00 AM,11/25/2026,09:00 AM,Clave: 1644 | Teoría | Grupo 1 | Profesor: Ing. Fernando Arreola Franco | Color sugerido: Pavo real,"B404, Facultad de Ingeniería, UNAM",False
Diseño Digital VLSI - Gpo 3 - Ing. Karol Joshua Martínez Rosete,11/25/2026,03:00 PM,11/25/2026,04:30 PM,Clave: 1535 | Teoría | Grupo 3 | Profesor: Ing. Karol Joshua Martínez Rosete | Color sugerido: Flamenco,"A107, Facultad de Ingeniería, UNAM",False
"Ciencia, Tecnología y Sociedad - Gpo 12 - Mtro. Rodolfo Carlos Prieto Mendoza",11/25/2026,05:00 PM,11/25/2026,07:00 PM,Clave: 1789 | Teoría | Grupo 12 | Profesor: Mtro. Rodolfo Carlos Prieto Mendoza | Color sugerido: Plátano,"A104, Facultad de Ingeniería, UNAM",False
Compiladores - Gpo 2 - M.I. Manuel Enrique Castañeda Castañeda,11/25/2026,07:00 PM,11/25/2026,09:00 PM,Clave: 434 | Teoría | Grupo 2 | Profesor: M.I. Manuel Enrique Castañeda Castañeda | Color sugerido: Mandarina,"A201, Facultad de Ingeniería, UNAM",False
Computación Gráfica e Interacción Humano-Computadora - Gpo 4 - Ing. José Ramón Pérez Athie,11/26/2026,09:00 AM,11/26/2026,11:00 AM,Clave: 1590 | Teoría | Grupo 4 | Profesor: Ing. José Ramón Pérez Athie | Color sugerido: Uva,"B204, Facultad de Ingeniería, UNAM",False
Bases de Datos - Gpo 1 - Ing. Fernando Arreola Franco,11/27/2026,07:00 AM,11/27/2026,09:00 AM,Clave: 1644 | Teoría | Grupo 1 | Profesor: Ing. Fernando Arreola Franco | Color sugerido: Pavo real,"B404, Facultad de Ingeniería, UNAM",False
Lab. Bases de Datos - Gpo 6 - Ing. Jorge Alberto Rodríguez Campos,11/27/2026,09:00 AM,11/27/2026,11:00 AM,Clave: 6644 | Laboratorio | Grupo 6 | Profesor: Ing. Jorge Alberto Rodríguez Campos | Color sugerido: Salvia,"T101, Facultad de Ingeniería, UNAM",False
Diseño Digital VLSI - Gpo 3 - Ing. Karol Joshua Martínez Rosete,11/27/2026,03:00 PM,11/27/2026,05:00 PM,Clave: 1535 | Laboratorio | Grupo 3 | Profesor: Ing. Karol Joshua Martínez Rosete | Color sugerido: Flamenco,"T101, Facultad de Ingeniería, UNAM",False
